<?xml version="1.0" encoding="UTF-8" standalone="yes"?>
<addon id="plugin.video.movie2free" name="Movie2Free" version="1.0.0" provider-name="watcharakorn/narbandit">
  <requires>
    <import addon="xbmc.python" version="2.1.0"/>
  </requires>
  <extension point="xbmc.python.pluginsource" library="addon.py">
    <provides>video</provides>
  </extension>
  <extension point="xbmc.addon.metadata">
    <language>en</language>
    <platform>all</platform>
    <summary lang="en">visit original movie2free site www.movie2free.com</summary>
    <description lang="en">visit original movie2free site www.movie2free.com</description>
    <platform>all</platform>
  </extension>
</addon>
