<?xml version="1.0" encoding="UTF-8" standalone="yes"?>
<addon id="repository.movie2free" name="Movie2Free Add-on Repository" version="1.0.0" provider-name="watcharakorn/narbandit">
	<extension point="xbmc.addon.repository" name="Movie2Free XBMC Add-ons">
		<info compressed="false">https://raw.githubusercontent.com/watcharakorn/Movie2Free/master/addons.xml</info>
		<checksum>https://raw.githubusercontent.com/watcharakorn/Movie2Free/master/addons.xml.md5</checksum>
		<datadir zip="true">https://raw.githubusercontent.com/watcharakorn/Movie2Free/master/</datadir>
	</extension>
	<extension point="xbmc.addon.metadata">
		<summary>Install Add-ons from Movie2Free Add-on Repository</summary>
		<description>Plug-ins for XBMC</description>
		<disclaimer>Add-ons that access to movies on website http://www.movie2free.com with XBMC</disclaimer>
		<platform>all</platform>
	</extension>
</addon>
