<?xml version="1.0" encoding="UTF-8" standalone="yes"?>

<addon id="repository.movie2free" name="Movie2Free" version="1.0.0" provider-name="watcharakorn/narbandit">
	
<extension point="xbmc.addon.repository" name="Movie2Free">
		
<info compressed="false">https://github.com/watcharakorn/Movie2Free/blob/master/plugin.video.movie2free/addons.xml</info>
		
<checksum>https://github.com/watcharakorn/Movie2Free/blob/master/plugin.video.movie2free/addons.xml.md5</checksum>
		
<datadir zip="true">https://github.com/watcharakorn/Movie2Free/blob/master/plugin.video.movie2free/</datadir>
	
</extension>
	<extension point="xbmc.addon.metadata">
		
<summary>Install Add-ons from Movie2Free Add-on Repository</summary>
		
<description>Plug-ins for XBMC</description>
		
<disclaimer>Add-ons that allow viewing TV Series on XBMC</disclaimer>
		
<platform>all</platform>
	
</extension>
</addon>
