﻿<?xml version="1.0" encoding="UTF-8" standalone="yes"?>
<addon id="plugin.video.movie2free" name="Movie2Free" version="2.0.9" provider-name="watcharakorn/narbandit">
  <requires>
    <import addon="xbmc.python" version="2.1.0"/>
  </requires>
  <extension point="xbmc.python.pluginsource" library="addon.py">
    <provides>video</provides>
  </extension>
  <extension point="xbmc.addon.metadata">
    <platform>all</platform>
    <language></language>
    <summary lang="en">Movie2Free</summary>
    <summary lang="th">Movie2Free</summary>
    <description lang="en">This Plugin provides access to movies on website http://www.movie2free.com and http://www.serie2free.co</description>
    <description lang="th">ปลั๊กอินนี้ใช้สำหรับดูภาพยนต์จากเวปไซต์ [CR] http://www.movie2free.com และ http://www.serie2free.com ฟรี</description>
  </extension>
</addon>
